,release_year,duration_num,year_added
release_year,1.0,-0.24918154173074403,0.1104734017428117
duration_num,-0.24918154173074403,1.0,0.016436436762130368
year_added,0.1104734017428117,0.016436436762130368,1.0
