model,rmse,r2
Random Forest,48781.91100658834,0.8184021262850936
Linear Regression,70059.19333925014,0.6254382675296266
